City_ID,City,Country,Max Temp,Current Description,Lat,Lng,Hotel Name
0,Shenjiamen,CN,82.13,overcast clouds,29.9576,122.298,Jinjiang Inn Zhoushan Putuo Shenjiamen
3,Kuryk,KZ,89.28,overcast clouds,43.2,51.65,Gostinitsa Kuryk - Otel' Dlya Vsekh Kategoriy Kliyentov .
4,Rikitea,PF,74.64,few clouds,-23.1203,-134.9692,People ThankYou
6,Alofi,NU,78.69,light rain,-19.0595,-169.9187,Taloa Heights
7,Puerto Carreno,CO,77.86,overcast clouds,6.189,-67.4859,Casa Hotel Victoria
8,Harper,LR,75.49,light rain,4.375,-7.7169,Screensaver
9,Carnarvon,AU,71.67,few clouds,-24.8667,113.6333,Hospitality Carnarvon
10,Touros,BR,76.1,scattered clouds,-5.1989,-35.4608,INN NEW HORIZON
12,Bloomfield,US,70.65,mist,40.8068,-74.1854,La Quinta Inn & Suites by Wyndham Clifton/Rutherford
15,Poum,NC,71.22,clear sky,-20.2333,164.0167,G√Æte kajeon
16,Katobu,ID,85.03,scattered clouds,-4.9408,122.5276,La Ode Husein
20,Butaritari,KI,83.75,few clouds,3.0707,172.7902,Isles Sunset Lodge
23,Bethel,US,71.71,overcast clouds,41.3712,-73.414,Courtyard by Marriott Danbury
25,Sao Filipe,CV,78.39,scattered clouds,14.8961,-24.4956,Hotel Xaguate
26,Tura,IN,78.93,overcast clouds,25.5198,90.2201,Hotel RIKMAN Continental
28,Nuevo Laredo,MX,89.58,clear sky,27.4763,-99.5164,City Express Nuevo Laredo
29,Gudari,IN,84.96,overcast clouds,19.35,83.7833,Hotel maa majhigouri
31,Hilo,US,80.33,overcast clouds,19.7297,-155.09,Hilo Hawaiian Hotel
33,Kapaa,US,84.52,scattered clouds,22.0752,-159.319,Sheraton Kauai Coconut Beach Resort
34,Cayenne,GF,80.1,clear sky,4.9333,-52.3333,H√¥tel Le Dronmi
35,Jamestown,US,72.84,clear sky,42.097,-79.2353,Hampton Inn & Suites Jamestown
38,Sovetskoye,RU,75.42,overcast clouds,52.2861,85.4131,"Gostinitsa ""Berozka"""
40,Beyneu,KZ,85.64,clear sky,45.3167,55.2,NUR
41,Bontang,ID,82.81,moderate rain,0.1333,117.5,KOPKAR Hotel Bintang Sintuk
44,Riyadh,SA,89.65,clear sky,24.6877,46.7219,"InterContinental Riyadh, an IHG Hotel"
50,Tondano,ID,84.29,broken clouds,1.3038,124.9112,Villa Bella
52,Banda Aceh,ID,84.22,overcast clouds,5.5577,95.3222,Sulthan Hotel International
56,Lagoa,PT,71.31,few clouds,39.05,-27.9833,Casa Das Faias
58,Araouane,ML,93.34,broken clouds,18.9048,-3.5265,
59,Trincomalee,LK,83.66,overcast clouds,8.5711,81.2335,Welcombe Hotel
61,Puerto Ayora,EC,69.55,scattered clouds,-0.7393,-90.3518,Finch Bay Galapagos Hotel
64,Airai,TL,73.65,few clouds,-8.9266,125.4092,Juvinal Martin
65,Vaini,TO,77.16,few clouds,-21.2,-175.2,Keleti Beach Resort
66,Rajpipla,IN,84.13,overcast clouds,21.8667,73.5,Lal Tower Govt. Guest House
67,Nyurba,RU,77.47,broken clouds,63.2842,118.3319,Gostinitsa Alrosa
68,Bubaque,GW,77.88,moderate rain,11.2833,-15.8333,"Casa Dora, Bubaque"
71,Nanzhang,CN,73.94,moderate rain,31.7765,111.8386,Longmenkezhan
72,Bulungu,CD,69.78,scattered clouds,-4.55,18.6,
73,Georgetown,MY,87.73,few clouds,5.4112,100.3354,Cititel Penang
74,Cabo San Lucas,MX,87.51,few clouds,22.8909,-109.9124,Hotel Tesoro Los Cabos
76,Guerrero Negro,MX,70.84,clear sky,27.9769,-114.0611,"Casa Laguna, Bed & Breakfast"
77,Farmington,US,83.08,clear sky,36.7281,-108.2187,Courtyard by Marriott Farmington
81,Albany,US,71.15,clear sky,42.6001,-73.9662,
83,Deputatskiy,RU,74.91,few clouds,69.3,139.9,Baza Otdykha
86,Ponta Do Sol,PT,70.0,few clouds,32.6667,-17.1,Hotel do Campo
88,Marawi,PH,72.03,heavy intensity rain,7.9986,124.2928,Derogongan Residence
89,Karaton,ID,87.96,broken clouds,-6.3424,106.1045,Parkir Mobil Wisata CAS Water Park
93,Barcelona,ES,72.72,clear sky,41.3888,2.159,Axel Hotel Barcelona
94,Mangan,IN,82.49,overcast clouds,27.5167,88.5333,Hotel Mout View
96,Ukiah,US,87.69,clear sky,39.1502,-123.2078,Hampton Inn Ukiah
100,Victoria,HK,87.85,overcast clouds,22.2855,114.1577,Mini Hotel Central
102,Sur,OM,88.41,clear sky,22.5667,59.5289,Sur Plaza Hotel
106,Bentiu,SS,70.95,overcast clouds,9.2333,29.8333,Mandela h√¥tel
110,Boulder,US,77.0,clear sky,40.0833,-105.3505,Deck House Boulder
111,Atuona,PF,78.04,few clouds,-9.8,-139.0333,Villa Enata
112,Pampa,US,85.15,clear sky,35.5362,-100.9599,"Holiday Inn Express & Suites Pampa, an IHG Hotel"
113,Luwuk,ID,83.79,broken clouds,-0.9516,122.7875,Hotel Santika Luwuk
114,Mogadishu,SO,75.87,light rain,2.0371,45.3438,Hotel Juba
115,Kalat,PK,74.84,clear sky,29.0225,66.5916,PHE Rest House
116,Bayji,IQ,89.06,clear sky,34.9311,43.487,ŸÖÿ±ŸàÿßŸÜ /ÿπÿØŸÜÿßŸÜ
117,Kerema,PG,81.45,broken clouds,-7.9631,145.7785,Frena Lodge
118,Le Vauclin,MQ,80.85,few clouds,14.5452,-60.8388,H√¥tel Cap Macabou
120,Mitsamiouli,KM,75.92,clear sky,-11.3847,43.2844,Foyer ADM
121,Hithadhoo,MV,81.61,overcast clouds,-0.6,73.0833,Scoop Guest House
124,Takayama,JP,88.47,overcast clouds,36.1333,137.25,Country Hotel Takayama
125,Laguna,US,89.44,clear sky,38.421,-121.4238,"Holiday Inn Express & Suites Elk Grove Central - Hwy 99, an IHG Hotel"
128,Los Banos,PH,86.81,overcast clouds,14.1667,121.1833,Sol Y Viento Mountain Hot Springs and Resort
131,Brewster,US,71.82,overcast clouds,41.3973,-73.6171,Heidi's Inn
132,Moerai,PF,72.9,clear sky,-22.4333,-151.3333,Le Manotel
135,San Patricio,US,86.09,clear sky,28.017,-97.5169,"Motel 6 Sinton, TX"
138,Itarema,BR,79.16,clear sky,-2.9248,-39.9167,"Sea Lounge! Bar, Club & Restaurant"
141,Ribeira Grande,PT,72.43,broken clouds,38.5167,-28.7,Quinta da Meia Eira
142,Meulaboh,ID,82.26,broken clouds,4.1363,96.1285,Kost Pria
143,Novo Aripuana,BR,81.9,overcast clouds,-5.1206,-60.3797,Hotel Ezequiel
144,Sulangan,PH,81.75,light rain,11.1373,123.7228,Maia's Beach Resort
145,Cururupu,BR,74.62,clear sky,-1.8283,-44.8683,POUSADA TRAV√âS'CIA
147,Cine,TR,79.7,clear sky,37.6117,28.0614,Otel Alabanda
152,Bilma,NE,88.92,broken clouds,18.6853,12.9164,Expeditions T√©n√©re voyages
154,Seoul,KR,91.0,clear sky,37.5683,126.9778,Î°ØÎç∞Ìò∏ÌÖî ÏÑúÏö∏
155,Ucluelet,CA,69.1,clear sky,48.9329,-125.5528,Black Rock Oceanfront Resort
159,Jaciara,BR,71.04,broken clouds,-15.9653,-54.9683,Taba Hotel
160,Cabra,ES,70.9,clear sky,37.4725,-4.4421,MS Fuente Las Piedras
161,Mount Clemens,US,81.14,scattered clouds,42.5973,-82.878,"Holiday Inn Express & Suites Chesterfield - Selfridge Area, an IHG Hotel"
162,Isangel,VU,77.11,broken clouds,-19.55,169.2667,Tanna Lodge
163,Erzin,TR,77.72,clear sky,36.9559,36.2,Artemis Otel
164,Sola,VU,76.24,overcast clouds,-13.8833,167.55,Leumerus Bungalows
166,Srandakan,ID,83.59,few clouds,-7.9386,110.2506,Puri Brata
169,Iwanai,JP,75.4,light rain,42.9744,140.5089,„ÅÑ„Çè„Å™„ÅÑÈ´òÂéü„Éõ„ÉÜ„É´
172,Sao Felix Do Xingu,BR,74.68,few clouds,-6.6447,-51.995,Rio Xingu Camping
176,Jalu,LY,80.87,clear sky,29.0331,21.5482,ÿµÿßÿ≠ÿ®ÿ© ÿßŸÑŸÅÿÆÿßŸÖÿ©
177,Sairang,IN,81.63,overcast clouds,23.8,92.6667,Aboiha Cottage
178,Torrijos,ES,72.55,clear sky,39.9819,-4.2835,Hotel La Salve
179,Coahuayana,MX,81.88,overcast clouds,18.7333,-103.6833,El rranchito michuacan de ocampos
180,Balabac,PH,85.98,moderate rain,7.9868,117.0645,Sing and Swing Lodge
182,Sao Jose Da Coroa Grande,BR,73.26,scattered clouds,-8.8978,-35.1478,Cr√¥a Mares Hotel
183,Pasni,PK,79.86,overcast clouds,25.2631,63.471,Kashmiri Hotal
185,Yenagoa,NG,72.99,overcast clouds,4.9247,6.2642,Aridolf Resort Wellness and Spa
187,Mahibadhoo,MV,83.55,overcast clouds,3.7833,72.9667,Omadhoo Inn
188,San Policarpo,PH,84.83,heavy intensity rain,12.1791,125.5072,JM Lodge
189,Mahebourg,MU,69.26,moderate rain,-20.4081,57.7,Shandrani Beachcomber Resort & Spa
190,Baculin,PH,77.99,heavy intensity rain,7.4525,126.5842,Shovy's Cove
191,Srednekolymsk,RU,72.45,clear sky,67.45,153.6833,
192,Sosnovskoye,RU,72.34,light rain,55.8052,43.167,Gostinitsa Mup Zhkkh
194,Bangui,CF,73.58,mist,4.3612,18.555,SAM HOTEL
195,Sao Gabriel Da Cachoeira,BR,72.0,broken clouds,-0.1303,-67.0892,Alarne - √Årea De Lazer Do Alto Rio Negro
197,Totness,SR,78.55,overcast clouds,5.8833,-56.3167,STAATS LOGEERGEBOUW TOTNESS
199,Jacareacanga,BR,82.38,overcast clouds,-6.2222,-57.7528,Casa do Ianüòé
200,Avarua,CK,77.05,broken clouds,-21.2078,-159.775,Paradise Inn
201,Ulagan,RU,70.23,broken clouds,50.6321,87.9563,Gostevoy Dom
202,Saint George,US,97.39,clear sky,37.1041,-113.5841,Best Western Plus Abbey Inn
203,Morgan City,US,82.99,clear sky,29.6994,-91.2068,Hampton Inn & Suites Morgan City
204,Roma,US,73.54,clear sky,43.2128,-75.4557,Wingate By Wyndham Rome
205,Tabas,IR,89.6,clear sky,33.5959,56.9244,ÿ¥ÿ±⁄©ÿ™ ŸÖÿπŸÖÿßÿ±€å ŸÖŸáÿ±ÿßÿ≤ ÿ¥ÿß€å⁄ØÿßŸÜ ÿ¢ÿ±ÿßÿØ
206,Zyryanka,RU,73.17,clear sky,65.75,150.85,
207,Atambua,ID,83.55,clear sky,-9.1061,124.8925,Pastori 1 Jemaat Polycarpus
208,Katsuura,JP,89.71,broken clouds,35.1333,140.3,Katsuura Hotel Mikazuki
209,Japura,ID,90.54,broken clouds,-0.3167,102.35,Rumah mbah Jamah
210,Juybar,IR,78.96,clear sky,36.6412,52.9124,ŸÖÿ¨ÿ™ŸÖÿπ ŸÖÿ≥⁄©ŸàŸÜ€å ÿ¢ÿ±ÿßŸÖ€åÿ≥ €≤
211,Thai Nguyen,VN,87.58,light rain,21.5928,105.8442,ƒê√¥ng D∆∞∆°ng Hotel
212,Salalah,OM,77.09,drizzle,17.0151,54.0924,HAMDAN PLAZA HOTEL SALALAH
214,Karratha,AU,77.92,clear sky,-20.7377,116.8463,ibis Styles Karratha
217,Ust-Kuyga,RU,82.53,broken clouds,70.0167,135.6,
221,Guthrie,US,87.69,overcast clouds,35.8789,-97.4253,"Holiday Inn Express & Suites Guthrie North Edmond, an IHG Hotel"
222,Faanui,PF,79.34,light rain,-16.4833,-151.75,Bora-Bora Pearl Beach Resort & Spa
223,San Ramon,US,78.28,smoke,37.7799,-121.978,San Ramon Marriott
225,Puerto Maldonado,PE,75.97,broken clouds,-12.6,-69.1833,Wasai Hotel
227,Boguchany,RU,74.68,broken clouds,58.3814,97.4531,Uyut
230,Abu Samrah,SY,75.25,clear sky,35.3029,37.1841,
233,Hambantota,LK,86.34,few clouds,6.1241,81.1185,Bungalow 63
235,West Fargo,US,77.0,clear sky,46.875,-96.9004,Hilton Garden Inn Fargo
236,Pemba,MZ,69.1,clear sky,-12.974,40.5178,Guesthouse Samotina
237,Talnakh,RU,70.75,scattered clouds,69.4865,88.3972,Talnakh Hotel
238,Kiunga,PG,78.76,overcast clouds,-6.1219,141.2906,Airport Lodge Kiunga
239,Samarai,PG,79.84,overcast clouds,-10.6167,150.6667,Nuli Sapi
240,Baruun-Urt,MN,69.76,broken clouds,46.6806,113.2792,–ê—Ö–º–∞–¥—ã–Ω –∞–º—Ä–∞–ª—Ç —Å—É–≤–∏–ª–∞–ª
241,Mokhsogollokh,RU,74.03,overcast clouds,61.4681,128.9203,
242,Chokurdakh,RU,73.69,broken clouds,70.6333,147.9167,
243,Komsomolskiy,UZ,86.72,clear sky,40.4272,71.7189,Ikathouse
244,Amapa,BR,70.18,broken clouds,1.0,-52.0,
246,Champerico,GT,81.03,overcast clouds,14.3,-91.9167,"Hotel y restaurante ""El Diamante"""
247,Maceio,BR,72.84,broken clouds,-9.6658,-35.7353,Poutur Pousada
250,Kokopo,PG,85.44,broken clouds,-4.352,152.2633,Kokopo Beach Bungalow Resort
252,Machico,PT,70.0,scattered clouds,32.7,-16.7667,Dom Pedro Madeira Hotel
253,Cockburn Town,TC,82.76,clear sky,21.4612,-71.1419,Osprey Beach Hotel
255,Kavaratti,IN,79.32,overcast clouds,10.5669,72.642,Hotels in Lakshadweep Islands
256,Liku,ID,86.04,broken clouds,-0.7275,119.8922,Wahyu
263,Robertsport,LR,78.69,overcast clouds,6.7533,-11.3686,Kwepunha Retreat
265,Zyryanskoye,RU,72.75,broken clouds,56.8306,86.6258,
266,Kawalu,ID,85.53,broken clouds,-7.3817,108.2082,KOSAN UNGU UNSIK
267,Luang Prabang,LA,85.96,broken clouds,19.8856,102.1347,Villa Oasis
268,Emba,KZ,73.81,clear sky,48.8264,58.1442,
270,Biltine,TD,74.01,overcast clouds,14.5333,20.9167,H√¥tel Trois √âtoiles de Biltine
271,The Valley,AI,82.26,overcast clouds,18.217,-63.0578,CeBlue Villas & Beach Resort
274,Kaka,TM,94.12,clear sky,37.3482,59.6143,
278,Twentynine Palms,US,96.94,clear sky,34.1356,-116.0542,"Holiday Inn Express & Suites Twentynine Palms- Joshua Tree, an IHG Hotel"
279,Pirganj,BD,89.17,scattered clouds,25.8523,88.3618,‡¶∂‡ßá‡¶ñ ‡¶õ‡¶æ‡¶§‡ßç‡¶∞‡ßÄ ‡¶®‡¶ø‡¶¨‡¶æ‡¶∏
280,Slidell,US,86.0,clear sky,30.2752,-89.7812,Hampton Inn Slidell
281,Kattivakkam,IN,89.69,overcast clouds,13.2167,80.3167,Euronova Freezer
282,Bengkulu,ID,84.09,overcast clouds,-3.8004,102.2655,Grage Hotel Bengkulu
284,Zhuhai,CN,87.78,light rain,22.2769,113.5678,Nanyang Seascape Hotel Zhuhai Hotel
286,Tabou,CI,75.15,light rain,4.423,-7.3528,hot√™l doufoulougou
287,Sawakin,SD,91.96,scattered clouds,19.1059,37.3321,ŸÅŸÜÿØŸÇ ÿßŸÑÿØŸàŸäŸÖ
288,Gat,IL,77.92,clear sky,31.61,34.7642,OlusHome
289,Teahupoo,PF,78.76,broken clouds,-17.8333,-149.2667,Vanira Lodge
290,Kyaikto,MM,85.64,broken clouds,17.3,97.0167,·Äî·ÄÆ·Äú·Ä¨ ·Äê·Ää·Ä∫·Ä∏·ÄÅ·Ä≠·ÄØ·ÄÅ·Äî·Ä∫·Ä∏
291,Ladario,BR,71.2,scattered clouds,-19.0047,-57.6017,Hotel Fazenda 4 cantos
292,Neka,IR,78.31,clear sky,36.6508,53.299,ÿßŸæÿßÿ±ÿ™ŸÖÿßŸÜ ŸÇŸàŸÖÿ¥
293,Hamilton,US,79.41,clear sky,39.1834,-84.5333,Six Acres Bed & Breakfast
297,Puri,IN,86.52,overcast clouds,19.8,85.85,OYO 1577 Hotel Shree Hari Grand
298,Buba,GW,74.48,overcast clouds,11.5833,-15.0,Pousada Bela Vista
299,Alice Springs,AU,71.15,clear sky,-23.7,133.8833,Desert Palms Alice Springs
300,Najran,SA,79.45,broken clouds,17.4924,44.1277,ŸÖÿ≠ŸÖÿØ ŸáÿßÿØŸä ÿßŸÑ ŸÅÿ∑Ÿäÿ≠
301,Jieshi,CN,85.23,overcast clouds,22.8134,115.8257,Yuehai Hotel
303,Soubre,CI,71.74,light rain,5.7856,-6.6083,Lynd Hotels Soubre
304,Zhanaozen,KZ,93.92,few clouds,43.3,52.8,K.korabay 28A
305,Eyl,SO,77.85,broken clouds,7.9803,49.8164,Amiin Hotel
306,Changji,CN,86.79,clear sky,44.0167,87.3167,Lvye Holiday Resort
307,Taoudenni,ML,96.91,clear sky,22.6783,-3.9836,
311,Inirida,CO,71.89,overcast clouds,3.8653,-67.9239,Fuente del Guania Hotel de Lujo
312,Natal,BR,75.85,broken clouds,-5.795,-35.2094,Villa Park Hotel | Natal
314,Birjand,IR,77.47,clear sky,32.8663,59.2211,Birjand Tourist Hotel
316,Surt,LY,80.06,clear sky,31.2089,16.5887,ÿßŸÑŸáÿßÿØŸä ÿßÿ®Ÿàÿ¥ÿπÿßŸÑŸá ÿ≥ÿ±ÿ™
317,Hasaki,JP,86.4,broken clouds,35.7333,140.8333,Hotel Sunrise Choshi
318,Oriximina,BR,76.87,scattered clouds,-1.7656,-55.8661,Pousada Tia Am√©lia
319,Yaan,NG,70.43,overcast clouds,7.3833,8.5667,
322,Broome,US,71.98,clear sky,42.2506,-75.833,Chenango Valley State Park
324,Kuala Terengganu,MY,89.55,few clouds,5.3302,103.1408,Hotel Grand Continental Kuala Terengganu (4 Star)
325,Taybad,IR,87.85,clear sky,34.74,60.7756,ŸÑ€å ŸæŸàÿ¥ jean center
327,Yumen,CN,84.85,clear sky,40.2833,97.2,
328,Hecun,CN,86.13,light rain,36.5333,114.1111,Yijia Hotel
329,Alyangula,AU,84.07,scattered clouds,-13.8483,136.4192,Groote Eylandt Lodge
330,Kamenskiy,RU,78.42,overcast clouds,50.8855,45.488,
331,Mount Isa,AU,80.37,clear sky,-20.7333,139.5,ibis Styles Mt Isa Verona
332,Pedernales,DO,81.14,clear sky,18.0384,-71.744,Hotel Costa Marina
335,Santa Marta,CO,84.97,broken clouds,11.2408,-74.199,Casa de Isabella
337,Bathsheba,BB,83.01,scattered clouds,13.2167,-59.5167,Atlantis Hotel
339,Puerto Escondido,MX,81.43,overcast clouds,15.85,-97.0667,Aldea del Bazar Hotel and Spa
341,Tateyama,JP,89.62,overcast clouds,34.9833,139.8667,Tateyama Seaside Hotel
344,Chabahar,IR,82.17,scattered clouds,25.2919,60.643,Ÿáÿ™ŸÑ ⁄ØÿØÿ±Ÿàÿ¥€åÿß
346,Karatau,KZ,81.64,clear sky,43.1667,70.4667,Baza Zika
347,Hervey Bay,AU,71.04,overcast clouds,-25.2986,152.8535,Shelly Bay Resort
348,Goderich,CA,73.9,overcast clouds,43.7501,-81.7165,Harmony Inn
349,Camopi,GF,71.67,broken clouds,3.1655,-52.3158,
350,Phonhong,LA,91.22,overcast clouds,18.5007,102.4166,Manyvong Guest House
351,Baykit,RU,69.87,light rain,61.67,96.37,
353,Korla,CN,86.77,few clouds,41.7597,86.1469,Gulisitan Hotel
354,Nichinan,JP,91.08,few clouds,31.6,131.3667,Guest House Aki
355,Dumas,US,83.62,clear sky,35.8656,-101.9732,"Holiday Inn Express & Suites Dumas, an IHG Hotel"
358,Berdigestyakh,RU,77.74,broken clouds,62.0989,126.6992,
360,Aswan,EG,89.15,clear sky,24.0934,32.907,Nuba Nile
361,Omboue,GA,73.99,overcast clouds,-1.5746,9.2618,Hotel Olako
362,Itoman,JP,84.97,mist,26.1247,127.6694,Southern Beach Hotel & Resort Okinawa
363,Tukrah,LY,78.58,clear sky,32.5341,20.5791,Lokta restaurant
365,Nioro,GM,76.05,overcast clouds,13.35,-15.75,
366,Hiroshima,JP,83.98,overcast clouds,34.3963,132.4594,Oriental Hotel Hiroshima
368,Kampot,KH,87.85,broken clouds,10.6167,104.1833,Two Moons Hotel
369,Denpasar,ID,83.86,scattered clouds,-8.65,115.2167,ASTON Denpasar Hotel & Convention Center
371,Yerbogachen,RU,70.03,clear sky,61.2767,108.0108,
379,Tarakan,ID,83.7,scattered clouds,3.3,117.6333,RedDoorz Syariah near Taman Berlabuh Tarakan
383,Buraydah,SA,86.45,scattered clouds,26.326,43.975,ŸÅŸÜÿØŸÇ ÿ±ÿßÿ≠ÿ© ÿßŸÑÿ≥ŸÑÿßŸÖ
384,Sangar,RU,72.45,broken clouds,63.9242,127.4739,
385,Nishihara,JP,84.25,mist,26.1842,127.7558,Minshuku Agaihama
388,Mattru,SL,73.76,overcast clouds,7.6244,-11.8332,"Mondkor Town, Bagbo Chiefdom, Bo District"
389,Kimbe,PG,83.41,moderate rain,-5.5502,150.1429,Kimbe Bay Hotel
392,General Elizardo Aquino,PY,73.72,broken clouds,-24.4333,-56.7,Caacupeii Jhugua Rey
393,Isabela,PH,86.32,overcast clouds,6.7085,121.9711,Isawad Resort
395,Rantauprapat,ID,88.75,scattered clouds,2.1,99.8333,Permata Land Hotel & Resort
396,Takoradi,GH,74.84,light rain,4.8845,-1.7554,Raybow International Hotel
397,Yarada,IN,89.92,haze,17.65,83.2667,Jeevan
398,Dumai,ID,88.45,broken clouds,1.6833,101.45,Grand Zuri Dumai
399,Bam,IR,90.55,clear sky,29.106,58.357,Bam Tourist Hotel
400,Bosaso,SO,91.24,scattered clouds,11.2842,49.1816,Red Sea Hotel
401,Grand Gaube,MU,69.39,light rain,-20.0064,57.6608,Veranda Paul et Virginie Hotel & Spa
403,Morant Bay,JM,82.02,clear sky,17.8815,-76.4093,Whispering Bamboo Cove Resort
404,Akabira,JP,78.64,overcast clouds,43.5514,142.0531,„Ç≤„Çπ„Éà„Éè„Ç¶„Çπ „Åã„Å™„Å°„ÇÉ„Çì„Å°
409,Staunton,US,70.05,clear sky,38.1496,-79.0717,Hotel 24 South
410,Hapao,PH,83.64,broken clouds,16.8797,121.016,Native Village Inn
411,Pacific Grove,US,71.15,haze,36.6177,-121.9166,Lovers Point Inn
412,Norilsk,RU,70.59,few clouds,69.3535,88.2027,NordHostel
413,Baherden,TM,95.85,clear sky,38.4362,57.4316,
414,Kavieng,PG,85.05,scattered clouds,-2.5744,150.7967,Nusa Island Retreat
416,Tselinnoye,RU,78.66,overcast clouds,53.0833,85.6667,Zolotaya Podkova
417,Hailar,CN,72.16,light rain,49.2,119.7,Holiday Inn & Suites Hulunbuir
418,Siguiri,GN,71.22,overcast clouds,11.6667,-9.5,
419,Guadalupe,MX,87.21,clear sky,25.6833,-100.25,Fiesta Inn Monterrey Fundidora
420,Socorro,US,90.61,broken clouds,31.6546,-106.3033,guarderia imss papalote
422,Valdez,EC,77.79,overcast clouds,1.2492,-78.9831,Casa Alquiler Do√±a Yenner y Don Wacho
423,Dergachi,RU,79.79,overcast clouds,51.2328,48.7659,
424,Jiazi,CN,86.4,overcast clouds,22.8779,116.067,Hotel Jin Hao
427,Yulara,AU,71.44,clear sky,-25.2406,130.9889,Desert Gardens Hotel - Ayers Rock Resort
433,Atagay,RU,76.14,few clouds,55.1033,99.3875,
434,Laem Sing,TH,88.14,overcast clouds,12.4816,102.0738,Laemsing Whitehouse Resort
440,Nicoya,CR,71.15,overcast clouds,10.1483,-85.452,Guayacan Real
441,Nieuw Nickerie,SR,77.9,overcast clouds,5.95,-56.9833,Ishwardat Inn
443,Tartus,SY,79.09,clear sky,34.889,35.8866,ÿÆŸäŸÖÿ© ŸÜÿ®ÿ±ÿßÿ≥ ŸÑŸÑÿßÿ¨ÿ¶ŸäŸÜ
445,Shelburne,CA,69.85,broken clouds,44.0787,-80.2041,The Retreat at the Farm
448,Faya,SA,72.12,broken clouds,18.3851,42.4509,ÿßŸÖŸÑÿßŸÉ ÿÆÿßŸÑÿØ ÿßŸÑÿ¥ÿπÿ¥Ÿàÿπ
450,Vila Franca Do Campo,PT,70.21,scattered clouds,37.7167,-25.4333,Pestana Bahia Praia
452,Xuddur,SO,71.33,overcast clouds,4.1213,43.8894,Banjanay Hotel
457,Kihei,US,82.42,few clouds,20.785,-156.4656,Maui Sunset
458,Bandarbeyla,SO,76.71,broken clouds,9.4942,50.8122,JABIR HOTEL
462,Tongren,CN,81.46,light rain,27.7172,109.1853,Fanjing Mountain International Conference Center
463,Mayahi,NE,78.04,broken clouds,13.9553,7.6712,
466,Shimoda,JP,86.36,overcast clouds,34.6667,138.95,Shimoda Tokyu Hotel
468,Tallahassee,US,81.64,clear sky,30.4383,-84.2807,Four Points by Sheraton Tallahassee Downtown
469,Les Cayes,HT,77.47,few clouds,18.2,-73.75,Villa Orphee
471,Jiangyou,CN,88.72,overcast clouds,31.7667,104.7167,Shangping Shuyuan Inn
473,Nouadhibou,MR,69.73,clear sky,20.931,-17.0347,El Medina
475,Linjiang,CN,89.83,clear sky,41.8069,126.9078,Ê†ºÊûóË±™Ê≥∞
476,Sabha,LY,83.62,clear sky,27.0377,14.4283,Foundation Taaj Asala for Historical Research and Archeology
477,Adrar,MR,82.35,scattered clouds,20.5022,-10.0711,
480,Makakilo City,US,82.72,broken clouds,21.3469,-158.0858,Marriott's Ko Olina Beach Club
481,Waingapu,ID,84.72,broken clouds,-9.6567,120.2641,Pondok Wisata Elim
482,Ouallam,NE,81.59,broken clouds,14.3188,2.0866,
485,Chirala,IN,90.01,overcast clouds,15.8167,80.35,Hr Group Of Company
487,Jaynagar,IN,89.28,scattered clouds,26.5833,86.15,Ambey Hotel
488,Merauke,ID,81.14,overcast clouds,-8.4667,140.3333,
490,Lodwar,KE,78.24,light rain,3.1191,35.5973,Solmar Gracious Hotel
491,Singaraja,ID,84.51,scattered clouds,-8.112,115.0882,Puri Bagus Lovina Resort
492,Marsh Harbour,BS,83.14,clear sky,26.5412,-77.0636,Abaco Beach Resort
493,Quatre Cocos,MU,69.1,light rain,-20.2078,57.7625,Sunrise Attitude Hotel
494,Ternate,ID,83.7,broken clouds,0.8,127.4,Grand Dafam Bela Ternate
495,Stabat,ID,79.0,moderate rain,3.761,98.4513,Link VII damai
498,Lorengau,PG,84.67,few clouds,-2.0226,147.2712,Lorengau Harbourside Hotel
500,Karakol,KG,74.52,clear sky,42.4907,78.3936,"Gostinitsa ""Al'tamira"""
501,Pecos,US,92.23,clear sky,31.4229,-103.4932,Knights Inn & Suites Pecos
502,Wajima,JP,88.48,light rain,37.4,136.9,Wajiima Onsen Yashio
506,Stephenville,US,87.8,clear sky,32.2207,-98.2023,La Quinta Inn & Suites by Wyndham Stephenville
508,Portland,US,72.91,few clouds,45.5234,-122.6762,Embassy Suites by Hilton Portland Downtown
510,Guiren,CN,77.88,light rain,33.6697,118.1889,Suyuan Hotel
511,Ouro Preto Do Oeste,BR,76.28,clear sky,-10.7481,-62.2158,Gra√∫na Resort Hotel
512,Port Hedland,AU,82.45,clear sky,-20.3167,118.5667,The Esplanade Hotel
513,Northview,US,79.43,broken clouds,43.0456,-85.6006,Comfort Suites Grand Rapids North
514,Goya,AR,69.78,overcast clouds,-29.14,-59.2626,Apart Costanera Goya
517,Santa Rosa,PH,89.1,overcast clouds,14.3122,121.1114,Erlyn‚Äôs Sta Rosa City Home
518,Banjar,ID,84.06,scattered clouds,-8.19,114.9675,The Hamsa Resort
519,Kiri Buru,IN,85.95,scattered clouds,22.0833,85.35,Lucky India
521,Barao De Melgaco,BR,77.52,overcast clouds,-16.1944,-55.9675,Tuiuiu Pantanal Hotel
523,Linxia,CN,78.67,broken clouds,35.6003,103.2064,GreenTree Inn Linxia Autonomous Prefecture Linxia Oxford River Avenue Express Hotel
524,Los Algarrobos,PA,75.4,overcast clouds,8.5,-82.4333,Waterfall Hostel
527,Ati,TD,74.46,overcast clouds,13.2154,18.3353,
529,Bowen,AU,75.42,clear sky,-20.0167,148.2333,Castle Motor Lodge Motel
530,Mersing,MY,87.71,scattered clouds,2.4312,103.8405,Timotel Hotel
533,Koindu,GN,69.85,light rain,8.4386,-10.3253,
534,Mana,GF,77.2,overcast clouds,5.6592,-53.7767,LE SAMANA
538,Kirakira,SB,80.4,light rain,-10.4544,161.9205,SanBiz Lodge
540,Kitob,UZ,81.18,clear sky,39.0843,66.8332,KESH HOTEL
543,Worland,US,87.89,clear sky,44.0169,-107.9554,Town House Motor Inn
544,Los Angeles,US,83.44,haze,34.0522,-118.2437,Kawada Hotel
548,Fereydun Kenar,IR,79.11,clear sky,36.6864,52.5225,Khezer Shahr Tourist Hotel
551,Dzaoudzi,YT,75.09,clear sky,-12.7887,45.2699,Le Rocher
552,Balkhash,KZ,74.01,clear sky,46.844,74.9804,Family
553,Port Moresby,PG,83.62,broken clouds,-9.4431,147.1797,Lamana Hotel (Port Moresby)
554,Acapulco,MX,78.84,broken clouds,16.8634,-99.8901,HS Hotsson Smart Acapulco
555,Kahului,US,82.98,few clouds,20.8947,-156.47,Maui Seaside Hotel
556,Bezopasnoye,RU,75.81,overcast clouds,45.6483,41.936,
558,Port Blair,IN,84.24,scattered clouds,11.6667,92.75,"Welcomhotel By ITC Hotels, Bay Island, Port Blair"
560,Chitral,PK,80.06,clear sky,35.8462,71.7858,PTDC Motel Chitral
561,Cairns,AU,78.06,light intensity shower rain,-16.9167,145.7667,Mantra Trilogy Cairns
562,Casper,US,76.5,clear sky,42.8666,-106.3131,Ramkota Hotel
566,Malanville,BJ,74.64,broken clouds,11.8685,3.3899,DEVO HOTEL
567,Porto Novo,BJ,76.82,light rain,6.4965,2.6036,Tour Eiffel Hotel Benin
569,Tanout,NE,81.27,overcast clouds,14.9709,8.8879,
570,Guymon,US,75.2,clear sky,36.6828,-101.4816,Super 8 Guymon
574,Pringsewu,ID,89.42,broken clouds,-5.3582,104.9744,Urban Style by Front One
576,Chimore,BO,72.09,few clouds,-16.9833,-65.1333,Bichito
577,Luanda,AO,69.8,scattered clouds,-8.8368,13.2343,LANDU MARINEZA LUFUANDU TONI
578,Ayagoz,KZ,82.56,broken clouds,47.9714,80.4392,Gostinitsa Nur
579,Pitimbu,BR,73.99,scattered clouds,-7.4706,-34.8086,Reserva do Abia√≠
580,Jeremie,HT,80.62,scattered clouds,18.65,-74.1167,Auberge‚ÄôInn
583,Puerto Leguizamo,CO,71.96,overcast clouds,-0.1934,-74.7819,la casona de juancho
586,Marsa Matruh,EG,78.15,clear sky,31.3525,27.2453,Beau Site
587,Daru,PG,76.44,overcast clouds,-9.0763,143.2092,Daru Lodge
588,Dagana,MR,82.38,broken clouds,16.5165,-15.5068,Quartier Dille koumba fatim thiam
590,Namie,JP,82.94,light rain,37.4833,141.0,„ÅÑ„Åì„ÅÑ„ÅÆÊùë„Å™„Åø„Åà
592,Oistins,BB,82.49,scattered clouds,13.0667,-59.5333,Butterfly Beach Hotel
593,Nara,JP,81.77,overcast clouds,34.6851,135.8049,Guesthouse Nara Komachi
595,Batagay-Alyta,RU,78.3,clear sky,67.8006,130.4114,
598,Kannod,IN,79.29,overcast clouds,22.6667,76.7333,Puspendra Sardiya Kannod
599,Muroto,JP,82.44,overcast clouds,33.2833,134.15,Oota Ryokan
601,Taclobo,PH,82.0,light rain,12.3074,122.586,Seabreeze Inn
603,Pierre,US,81.86,clear sky,44.3683,-100.351,Ramkota Hotel
604,Kolondieba,ML,71.24,overcast clouds,11.0882,-6.8926,Hotel Dakan
605,Turiacu,BR,73.11,clear sky,-1.6633,-45.3717,Pousada Maranata
606,Hohhot,CN,75.49,few clouds,40.8106,111.6522,Sheraton Hohhot Hotel
610,Kudahuvadhoo,MV,82.6,overcast clouds,2.6708,72.8944,Niyama Private Islands Maldives
613,Arnprior,CA,73.49,overcast clouds,45.4334,-76.3494,Country Squire Motel
615,Mackay,AU,75.18,broken clouds,-21.15,149.2,International Lodge Motel
616,Butte,US,89.62,clear sky,39.6499,-121.5677,Meadowbrook Oaks Mobile Home Park
618,Pakokku,MM,89.91,overcast clouds,21.3333,95.1,Royal Palace Motel
620,Mabua,PH,76.89,moderate rain,9.8089,125.4422,Almont Beach Resort
621,Xingyi,CN,74.5,overcast clouds,24.1877,102.817,
622,Odweyne,SO,75.45,overcast clouds,9.4092,45.064,Eng Hiirey House
623,Zhangye,CN,83.57,few clouds,38.9342,100.4517,Zhangye Lvzhou Holiday Inn
624,Tucurui,BR,74.12,few clouds,-3.7661,-49.6725,BBB Rooms Centro Tucurui PA
625,Wisconsin Rapids,US,70.83,clear sky,44.3836,-89.8174,Hotel Mead & Conference Center
626,Puerto Penasco,MX,87.91,clear sky,31.3167,-113.5333,Playa Bonita Resort
627,Shaoguan,CN,89.49,overcast clouds,24.8,113.5833,Shangcheng Hotel
629,Mareeba,AU,73.44,scattered clouds,-17.0,145.4333,Trinity Plains Tourist Park
630,Guiyang,CN,70.29,light rain,26.5833,106.7167,Guo Tai Hotel Guiyang
632,Olinda,BR,73.13,overcast clouds,-8.0089,-34.8553,Hotel Albergue de Olinda
635,Digri,PK,86.18,scattered clouds,25.1558,69.1113,Sindh Green Hotel
636,Doka,SD,70.52,broken clouds,13.5167,35.7667,
637,Brigantine,US,70.07,broken clouds,39.4101,-74.3646,Legacy Vacation Resorts Brigantine Beach
638,Bucerias,MX,79.99,overcast clouds,20.75,-105.3333,Villa del Palmar Flamingos Beach Resort & Spa Riviera Nayarit
639,Armeria,MX,81.7,overcast clouds,18.9333,-103.9667,Hotel la Herradura
641,Polonnaruwa,LK,90.23,broken clouds,7.9333,81.0,Thisara Guest House
642,Wanning,CN,89.71,overcast clouds,18.8003,110.3967,Paradise Hotel
644,Iracoubo,GF,77.27,overcast clouds,5.4802,-53.2011,Le G√Æte d‚ÄôIracoubo
645,Cam Ranh,VN,91.36,few clouds,11.9214,109.1591,OYO 598 Peony Hotel
646,Kalmunai,LK,85.15,overcast clouds,7.4167,81.8167,VS Villa
649,Naze,JP,79.72,clear sky,28.3667,129.4833,Amami Port Tower Hotel
650,Price,US,81.66,clear sky,39.5994,-110.8107,National 9 - Price River Inn
653,Palmer,US,72.77,overcast clouds,42.1584,-72.3287,Wedgewood Motel
655,Santarem,BR,75.33,clear sky,-2.4431,-54.7083,Ecotur Lodge
657,Longhua,CN,87.8,light rain,23.6137,114.1919,Huadu Hotel
658,Dingle,PH,79.61,overcast clouds,10.9995,122.6711,SEGAYA PROPERTY
659,Yatou,CN,83.01,overcast clouds,37.15,122.3833,GreenTree Hotel Rongcheng Bus Station
660,Vilhena,BR,69.46,clear sky,-12.7406,-60.1458,Hotel Mirage
663,Coos Bay,US,76.86,clear sky,43.3665,-124.2179,Best Western Holiday Hotel
664,Uruzgan,AF,82.96,clear sky,32.8333,66.0,
665,Tala,EG,74.91,few clouds,30.6803,30.9429,ŸÖÿµÿ∑ŸÅŸâ ÿßÿ¥ÿ±ŸÅ
666,Gainesville,US,77.83,clear sky,29.6516,-82.3248,"Holiday Inn Gainesville-University Ctr, an IHG Hotel"
668,Shaowu,CN,89.1,scattered clouds,27.3409,117.4831,Yijie Express Hotel
669,Caucaia,BR,80.55,scattered clouds,-3.7361,-38.6531,M.O.S. Log√≠stica - Filial Fortaleza
670,Manavalakurichi,IN,82.49,overcast clouds,8.1333,77.3,Udaya Boys Hostel
671,Jiexiu,CN,89.06,clear sky,37.0244,111.9125,IU Hotel Jinzhong Yuhua Road
672,Safaga,EG,87.75,clear sky,26.7292,33.9365,Lamar Resort Abu Soma
